{"cameraMode":{"drawMode":0,"name":"Shaded","section":"Shading Mode"},"sceneLighting":true,"audioPlay":false,"sceneViewState":{"showFog":true,"showMaterialUpdate":false,"showSkybox":true,"showFlares":true,"showImageEffects":true,"showParticleSystems":true},"in2DMode":false,"pivot":{"x":0.1102340817451477,"y":2.176171064376831,"z":-0.07790446281433106},"rotation":{"x":-0.4169396758079529,"y":0.11025726050138474,"z":-0.05103561282157898,"w":-0.9007817506790161},"size":0.9866024851799011,"orthographic":false}